{"cameraMode":{"drawMode":0,"name":"Shaded","section":"Shading Mode"},"sceneLighting":true,"audioPlay":false,"sceneViewState":{"showFog":true,"showMaterialUpdate":false,"showSkybox":true,"showFlares":true,"showImageEffects":true,"showParticleSystems":true},"in2DMode":false,"pivot":{"x":10.807544708251954,"y":18.85774803161621,"z":39.693214416503909},"rotation":{"x":-0.054202932864427569,"y":-0.9251832365989685,"z":0.3466578423976898,"w":-0.1446598470211029},"size":37.54439163208008,"orthographic":true}