{"cameraMode":{"drawMode":0,"name":"Shaded","section":"Shading Mode"},"sceneLighting":true,"audioPlay":false,"sceneViewState":{"showFog":true,"showMaterialUpdate":false,"showSkybox":true,"showFlares":true,"showImageEffects":true,"showParticleSystems":true},"in2DMode":false,"pivot":{"x":6.309999465942383,"y":0.15000009536743165,"z":13.269998550415039},"rotation":{"x":-0.16073039174079896,"y":-0.7011111974716187,"z":0.16712090373039246,"w":-0.6742992401123047},"size":41.136478424072269,"orthographic":true}