{"cameraMode":{"drawMode":0,"name":"Shaded","section":"Shading Mode"},"sceneLighting":true,"audioPlay":false,"sceneViewState":{"showFog":true,"showMaterialUpdate":false,"showSkybox":true,"showFlares":true,"showImageEffects":true,"showParticleSystems":true},"in2DMode":false,"pivot":{"x":-1.8955638408660889,"y":20.620832443237306,"z":34.98443603515625},"rotation":{"x":-0.038293588906526569,"y":-0.9331876635551453,"z":0.34169769287109377,"w":-0.10458042472600937},"size":15.608814239501954,"orthographic":true}