{"cameraMode":{"drawMode":0,"name":"Shaded","section":"Shading Mode"},"sceneLighting":false,"audioPlay":false,"sceneViewState":{"showFog":true,"showMaterialUpdate":false,"showSkybox":true,"showFlares":true,"showImageEffects":true,"showParticleSystems":true},"in2DMode":false,"pivot":{"x":0.01754474639892578,"y":0.0,"z":-0.36999988555908205},"rotation":{"x":-0.054202932864427569,"y":-0.9251832365989685,"z":0.3466578423976898,"w":-0.1446598470211029},"size":12.390730857849121,"orthographic":true}